Chromosome	Start_Position	End_position	Reference_Allele	Tumor_Seq_Allele
5	112175211	112175211	T	A
17	41251824	41251825	TG	T
13	32914438	32914438	T	-
1	45798151	45798151	C	T
13	32914438	32914438	T	-
1	45798151	45798151	C	T
22	29121087	29121087	A	G
5	112175303	112175303	C	T
5	112175639	112175639	C	T
7	151878563		T	A
11	32413597	32413597	G	T
17	47696426	47696426	A	C
15	42041349	42041350	-	A
18	48604770	48604770	G	-
12	49415856	49415858	GAT	-
17	47696643	47696643	A	C
11	119155995	119155995	G	T
12	112926856	112926862	A	C
16	3781381	3781381	C	T
16	9857363	9857363	T	A
17	37657693	37657715	GTAACATAGTAACCAAATAAGAT	-
2	198264870	198264870	C	A
6	32187445	32187445	C	A
3	178936082	178936082	G	A
17	7578413	7578413	C	T
8	69002939	69002939	C	N
3	128205731	128205732	GA	TT
17	78936768	78936768	G	A
5	149512352	149512352	C	A
X	66931258	66931258	A	C
12	49415856	49415858	GAT	-
17	37657693	37657715	GTAACATAGTAACCAAATAAGAT	-
12	112926856	112926862	A	C